單字編號,韓文單字,漢字詞,發音(羅馬拼音),詞性,TOPIK等級,中文釋義,韓文例句,例句中文翻譯,常用搭配/備註
KOR0001,안녕하세요,,annyeonghaseyo,感嘆詞,TOPIK I (1級),您好、你好（敬語）,안녕하세요! 만나서 반갑습니다.,您好！很高興見到您。,一般尊敬語問候
KOR0002,감사하다,感謝,gamsahada,形容詞,TOPIK I (1級),感謝、感激,도와주셔서 진심으로 감사합니다.,真心感謝您的幫忙。,正式敬語常用 감사합니다
KOR0003,사람,,saram,名詞,TOPIK I (1級),人、人士,저는 한국 사람입니다.,我是韓國人。,한국 사람 韓國人
KOR0004,학교,學校,hakgyo,名詞,TOPIK I (1級),學校,저는 학교에 가요.,我去學校。,학교에 가다 去學校
KOR0005,학생,學生,haksaeng,名詞,TOPIK I (1級),學生,저는 학생이에요.,我是學生。,학생이에요 是學生
KOR0006,친구,親舊,chingu,名詞,TOPIK I (1級),朋友,주말에 친구를 만나요.,週末和朋友見面。,친구를 만나다 和朋友見面
KOR0007,가족,家族,gajok,名詞,TOPIK I (1級),家人、家庭,우리 가족은 네 명이에요.,我們家有四個人。,가족이 있다 有家人
KOR0008,집,,jip,名詞,TOPIK I (1級),家、房子,저는 지금 집에 있어요.,我現在在家。,집에 있다 在家
KOR0009,책,冊,chaek,名詞,TOPIK I (1級),書,한국어 책을 읽어요.,我讀韓文書。,책을 읽다 讀書
KOR0010,물,,mul,名詞,TOPIK I (1級),水,물 한 잔 주세요.,請給我一杯水。,물을 마시다 喝水
KOR0011,음식,飲食,eumsik,名詞,TOPIK I (1級),食物、料理,한국 음식을 좋아해요.,我喜歡韓國料理。,음식을 먹다 吃食物
KOR0012,밥,,bap,名詞,TOPIK I (1級),飯、餐,아침에 밥을 먹어요.,早上吃飯。,밥을 먹다 吃飯
KOR0013,커피,,keopi,名詞,TOPIK I (1級),咖啡,저는 커피를 마셔요.,我喝咖啡。,커피를 마시다 喝咖啡
KOR0014,시간,時間,sigan,名詞,TOPIK I (1級),時間,오늘 시간이 있어요.,今天有時間。,시간이 있다 有時間
KOR0015,오늘,,oneul,名詞,TOPIK I (1級),今天,오늘은 날씨가 좋아요.,今天天氣很好。,오늘 아침 今天早上
KOR0016,내일,,naeil,名詞,TOPIK I (1級),明天,내일 학교에 가요.,明天去學校。,내일 만나요 明天見
KOR0017,어제,,eoje,名詞,TOPIK I (1級),昨天,어제 친구를 만났어요.,昨天和朋友見面。,어제 저녁 昨天晚上
KOR0018,한국,韓國,hanguk,名詞,TOPIK I (1級),韓國,한국에 가고 싶어요.,我想去韓國。,한국 사람 韓國人
KOR0019,한국어,韓國語,hangugeo,名詞,TOPIK I (1級),韓語、韓國語,한국어를 공부해요.,我學韓語。,한국어를 배우다 學韓語
KOR0020,이름,,ireum,名詞,TOPIK I (1級),名字,제 이름은 민수예요.,我的名字是民洙。,이름이 뭐예요? 你叫什麼名字
KOR0021,나라,,nara,名詞,TOPIK I (1級),國家,어느 나라에서 왔어요?,你來自哪個國家？,어느 나라 哪個國家
KOR0022,돈,,don,名詞,TOPIK I (1級),錢,지금 돈이 없어요.,現在沒有錢。,돈이 없다 沒有錢
KOR0023,가다,,gada,動詞,TOPIK I (1級),去、前往,매일 학교에 가요.,每天去學校。,학교에 가다 去學校
KOR0024,오다,,oda,動詞,TOPIK I (1級),來、到來,친구가 집에 와요.,朋友來家裡。,집에 오다 回家
KOR0025,먹다,,meokda,動詞,TOPIK I (1級),吃,김밥을 먹어요.,吃紫菜飯捲。,밥을 먹다 吃飯
KOR0026,마시다,,masida,動詞,TOPIK I (1級),喝,물을 마셔요.,喝水。,물을 마시다 喝水
KOR0027,보다,,boda,動詞,TOPIK I (1級),看、觀看,주말에 영화를 봐요.,週末看電影。,영화를 보다 看電影
KOR0028,읽다,,ikda,動詞,TOPIK I (1級),讀、閱讀,책을 읽어요.,讀書。,책을 읽다 讀書
KOR0029,쓰다,,sseuda,動詞,TOPIK I (1級),寫、使用,이름을 써 주세요.,請寫上名字。,이름을 쓰다 寫名字
KOR0030,듣다,,deutda,動詞,TOPIK I (1級),聽,음악을 들어요.,聽音樂。,음악을 듣다 聽音樂
KOR0031,말하다,,malhada,動詞,TOPIK I (1級),說、講,한국어로 말해요.,用韓語說。,한국어로 말하다 用韓語說
KOR0032,공부하다,工夫하다,gongbuhada,動詞,TOPIK I (1級),學習、用功,도서관에서 공부해요.,在圖書館學習。,한국어를 공부하다 學韓語
KOR0033,좋다,,jota,形容詞,TOPIK I (1級),好、喜歡,이 책이 좋아요.,我喜歡這本書。,날씨가 좋다 天氣好
KOR0034,크다,,keuda,形容詞,TOPIK I (1級),大、高,이 가방은 커요.,這個包包很大。,키가 크다 個子高
KOR0035,작다,,jakda,形容詞,TOPIK I (1級),小、矮,우리 집은 작아요.,我家很小。,키가 작다 個子矮
KOR0036,있다,,itda,動詞,TOPIK I (1級),有、在,책상 위에 책이 있어요.,桌上有書。,집에 있다 在家
KOR0037,없다,,eopda,形容詞,TOPIK I (1級),沒有、不在,오늘은 시간이 없어요.,今天沒有時間。,시간이 없다 沒時間
KOR0038,예쁘다,,yeppeuda,形容詞,TOPIK I (1級),漂亮、可愛,꽃이 정말 예뻐요.,花很漂亮。,예쁜 꽃 漂亮的花
KOR0039,맛있다,,masitda,形容詞,TOPIK I (1級),好吃、美味,이 음식은 정말 맛있어요.,這道菜很好吃。,맛있는 음식 好吃的食物
KOR0040,괜찮다,,gwaenchanta,形容詞,TOPIK I (1級),沒關係、不錯,괜찮아요. 고맙습니다.,沒關係。謝謝。,괜찮아요 沒關係
KOR0041,죄송하다,,joesonghada,形容詞,TOPIK I (1級),抱歉、對不起,늦어서 죄송합니다.,很抱歉我遲到了。,죄송합니다 對不起
KOR0042,안녕,,annyeong,名詞,TOPIK I (1級),你好、再見（非正式）,안녕! 내일 봐요.,嗨！明天見。,親近朋友間使用
KOR0043,어디,,eodi,代名詞,TOPIK I (1級),哪裡,화장실이 어디예요?,洗手間在哪裡？,어디에 있어요? 在哪裡
KOR0044,언제,,eonje,代名詞,TOPIK I (1級),什麼時候,언제 한국에 가요?,你什麼時候去韓國？,언제 만나요? 什麼時候見
KOR0045,누구,,nugu,代名詞,TOPIK I (1級),誰,누구를 만나요?,你要見誰？,누구예요? 是誰
KOR0046,무엇,,mueot,代名詞,TOPIK I (1級),什麼,무엇을 먹고 싶어요?,你想吃什麼？,무엇을 해요? 做什麼
KOR0047,얼마,,eolma,代名詞,TOPIK I (1級),多少、多少錢,이거 얼마예요?,這個多少錢？,얼마예요? 多少錢
KOR0048,여기,,yeogi,代名詞,TOPIK I (1級),這裡,여기에 앉으세요.,請坐這裡。,여기 있어요 在這裡
KOR0049,저기,,jeogi,代名詞,TOPIK I (1級),那裡,저기에 학교가 있어요.,那裡有學校。,저기예요 在那裡
KOR0050,네,,ne,感嘆詞,TOPIK I (1級),是、好的,네. 알겠습니다.,是的。我知道了。,네 是、好的
KOR0051,아니요,,aniyo,感嘆詞,TOPIK I (1級),不是、不,아니요. 괜찮아요.,不用了。沒關係。,아니요 不是
KOR0052,주세요,,juseyo,表現,TOPIK I (1級),請給我、請做,물 한 잔 주세요.,請給我一杯水。,명사 주세요 請給我某物
KOR0053,사랑,,sarang,名詞,TOPIK I (1級),愛、愛情,가족을 사랑해요.,我愛家人。,사랑해요 我愛你
KOR0054,빠르다,,ppareuda,形容詞,TOPIK I (1級),快、迅速,버스가 빨라요.,公車很快。,빠른 버스 快速的公車
KOR0055,느리다,,neurida,形容詞,TOPIK I (1級),慢,인터넷이 느려요.,網路很慢。,느린 속도 慢速
KOR0056,춥다,,chupda,形容詞,TOPIK I (1級),冷（天氣）,오늘은 추워요.,今天很冷。,날씨가 춥다 天氣冷
KOR0057,덥다,,deopda,形容詞,TOPIK I (1級),熱（天氣）,날씨가 더워요.,天氣很熱。,날씨가 덥다 天氣熱
KOR0058,날씨,,nalssi,名詞,TOPIK I (1級),天氣,오늘 날씨가 어때요?,今天天氣如何？,날씨가 좋다 天氣好
KOR0059,공원,公園,gongwon,名詞,TOPIK I (1級),公園,공원에서 산책해요.,在公園散步。,공원에 가다 去公園
KOR0060,식당,食堂,sikdang,名詞,TOPIK I (1級),餐廳、食堂,식당에서 점심을 먹어요.,在餐廳吃午餐。,식당에 가다 去餐廳
KOR0061,가게,,gage,名詞,TOPIK I (1級),商店、店家,가게에서 우유를 사요.,在商店買牛奶。,가게에 가다 去商店
KOR0062,만나다,,mannada,動詞,TOPIK I (1級),見面、遇見,주말에 친구를 만나요.,週末和朋友見面。,친구를 만나다 和朋友見面
KOR0063,기다리다,,gidarida,動詞,TOPIK I (1級),等待,여기에서 기다려 주세요.,請在這裡等。,기다려 주세요 請稍等
KOR0064,일하다,,ilhada,動詞,TOPIK I (1級),工作,저는 회사에서 일해요.,我在公司工作。,회사에서 일하다 在公司工作
KOR0065,쉬다,,swida,動詞,TOPIK I (1級),休息,집에서 쉬어요.,在家休息。,푹 쉬다 好好休息
KOR0066,만들다,,mandeulda,動詞,TOPIK I (1級),製作、做,저녁을 만들어요.,做晚餐。,음식을 만들다 做菜
KOR0067,찾다,,chatda,動詞,TOPIK I (1級),找、尋找,가방을 찾아요.,找包包。,길을 찾다 找路
KOR0068,배우다,,baeuda,動詞,TOPIK I (1級),學習,한국어를 배워요.,學韓語。,한국어를 배우다 學韓語
KOR0069,열다,,yeolda,動詞,TOPIK I (1級),打開,문을 열어요.,開門。,문을 열다 開門
KOR0070,닫다,,datda,動詞,TOPIK I (1級),關上、閉上,문을 닫아요.,關門。,문을 닫다 關門
